Dataset,Dataset_File,OpenML_ID,Instances,Features,IR,IR_Category,Feature_Interval,Feature_Interval_Order,Oversampler,Variant,SVM,Model,Precision_mean,Precision_std,Recall_mean,Recall_std,AUC_PR_mean,AUC_PR_std,GMean_mean,GMean_std,Generated_Samples_mean,Generated_Samples_std,Resample_Time_mean,Resample_Time_std,Time_per_Generated_ms_mean,Time_per_Generated_ms_std,Model_Fit_Time_mean,Model_Fit_Time_std,Precision_rank,Recall_rank,AUC_PR_rank,GMean_rank,Average_Rank
Mfeat-fourier,mfeat-fourier,971,2000,76,9.0,Medium,Features > 30,3,BSSMOTE w/o ADASYN Linear,w/o ADASYN,Linear,DT,0.9198,0.0348,0.965,0.0285,0.8914,0.0474,0.9776,0.0152,7.8,5.5408,1.0797,0.3889,206.3199,132.6623,0.1279,0.0141,8.0,3.5,8.0,4.0,5.875
Mfeat-fourier,mfeat-fourier,971,2000,76,9.0,Medium,Features > 30,3,BSSMOTE w/o ADASYN RBF,w/o ADASYN,RBF,DT,0.9151,0.0345,0.96,0.0335,0.8827,0.0479,0.9747,0.0175,2.4,3.1305,0.1986,0.1231,173.501,147.5558,0.1013,0.0111,9.0,5.5,9.0,7.0,7.625
Mfeat-fourier,mfeat-fourier,971,2000,76,9.0,Medium,Features > 30,3,BSSMOTE w/o Clustering Linear,w/o Clustering,Linear,DT,0.9604,0.0453,0.955,0.0512,0.9227,0.0754,0.9748,0.0277,88.8,85.6896,0.015,0.0043,0.2878,0.2988,0.1014,0.0192,1.0,8.0,3.0,6.0,4.5
Mfeat-fourier,mfeat-fourier,971,2000,76,9.0,Medium,Features > 30,3,BSSMOTE w/o Clustering RBF,w/o Clustering,RBF,DT,0.9568,0.0308,0.965,0.0285,0.9263,0.0188,0.9798,0.0132,99.2,90.7342,0.057,0.0321,0.8113,0.633,0.115,0.0234,2.0,3.5,2.0,3.0,2.625
Mfeat-fourier,mfeat-fourier,971,2000,76,9.0,Medium,Features > 30,3,BSSMOTE w/o SVM,w/o SVM,--,DT,0.9471,0.0658,0.985,0.0137,0.9339,0.0572,0.9891,0.0047,914.6,511.2805,0.1345,0.0115,0.119,0.011,0.1029,0.0279,5.0,1.0,1.0,1.0,2.0
Mfeat-fourier,mfeat-fourier,971,2000,76,9.0,Medium,Features > 30,3,CTGAN,Deep Tabular,--,DT,0.9475,0.0383,0.955,0.0512,0.9086,0.042,0.9739,0.0252,1280.0,0.0,25.1383,4.3373,19.6393,3.3885,0.1918,0.0216,4.0,8.0,5.0,9.0,6.5
Mfeat-fourier,mfeat-fourier,971,2000,76,9.0,Medium,Features > 30,3,Full BSSMOTE Linear,Full BSSMOTE,Linear,DT,0.9225,0.0473,0.98,0.0326,0.9058,0.048,0.9851,0.0159,103.4,81.7239,0.1394,0.0137,1.9707,2.2796,0.0938,0.0024,7.0,2.0,6.0,2.0,4.25
Mfeat-fourier,mfeat-fourier,971,2000,76,9.0,Medium,Features > 30,3,Full BSSMOTE RBF,Full BSSMOTE,RBF,DT,0.9249,0.0459,0.96,0.0224,0.8919,0.0474,0.9753,0.0115,72.0,71.753,0.1635,0.0251,3.8292,3.6227,0.0902,0.0178,6.0,5.5,7.0,5.0,5.875
Mfeat-fourier,mfeat-fourier,971,2000,76,9.0,Medium,Features > 30,3,TVAE,Deep Tabular,--,DT,0.9519,0.031,0.955,0.0371,0.9128,0.0187,0.9743,0.0174,1280.0,0.0,15.2085,0.3198,11.8816,0.2498,0.1622,0.0113,3.0,8.0,4.0,8.0,5.75
Mfeat-karhunen,mfeat-karhunen,1020,2000,64,9.0,Medium,Features > 30,3,BSSMOTE w/o ADASYN Linear,w/o ADASYN,Linear,DT,0.8525,0.0666,0.785,0.0335,0.6911,0.064,0.8789,0.0195,10.8,7.2595,0.3296,0.502,253.5349,544.5306,0.1276,0.0233,3.0,9.0,4.0,9.0,6.25
Mfeat-karhunen,mfeat-karhunen,1020,2000,64,9.0,Medium,Features > 30,3,BSSMOTE w/o ADASYN RBF,w/o ADASYN,RBF,DT,0.8579,0.058,0.8,0.0306,0.707,0.0606,0.8876,0.0183,1.6,0.5477,0.3103,0.2532,226.1706,220.8049,0.1528,0.0689,1.0,8.0,2.0,8.0,4.75
Mfeat-karhunen,mfeat-karhunen,1020,2000,64,9.0,Medium,Features > 30,3,BSSMOTE w/o Clustering Linear,w/o Clustering,Linear,DT,0.7959,0.0667,0.825,0.0637,0.6756,0.0853,0.8969,0.0359,103.0,56.4624,0.0196,0.0061,1.6937,3.4297,0.1739,0.0335,5.0,5.0,5.0,5.0,5.0
Mfeat-karhunen,mfeat-karhunen,1020,2000,64,9.0,Medium,Features > 30,3,BSSMOTE w/o Clustering RBF,w/o Clustering,RBF,DT,0.7843,0.0155,0.815,0.0627,0.6573,0.0396,0.8909,0.0332,135.2,30.9386,0.0611,0.0163,0.4801,0.2086,0.155,0.0608,6.0,6.0,7.0,6.0,6.25
Mfeat-karhunen,mfeat-karhunen,1020,2000,64,9.0,Medium,Features > 30,3,BSSMOTE w/o SVM,w/o SVM,--,DT,0.7447,0.0052,0.86,0.0518,0.6544,0.0329,0.9117,0.0264,1204.8,4.9699,0.2373,0.2687,0.1969,0.2232,0.2628,0.0396,9.0,2.0,8.0,2.0,5.25
Mfeat-karhunen,mfeat-karhunen,1020,2000,64,9.0,Medium,Features > 30,3,CTGAN,Deep Tabular,--,DT,0.7498,0.0564,0.84,0.084,0.6487,0.0936,0.9012,0.048,1280.0,0.0,19.8632,0.8106,15.5181,0.6333,0.3454,0.0928,8.0,3.0,9.0,4.0,6.0
Mfeat-karhunen,mfeat-karhunen,1020,2000,64,9.0,Medium,Features > 30,3,Full BSSMOTE Linear,Full BSSMOTE,Linear,DT,0.8152,0.0924,0.81,0.0762,0.6755,0.0545,0.889,0.0371,73.8,65.0899,0.1832,0.1556,53.8966,100.0313,0.1534,0.0165,4.0,7.0,6.0,7.0,6.0
Mfeat-karhunen,mfeat-karhunen,1020,2000,64,9.0,Medium,Features > 30,3,Full BSSMOTE RBF,Full BSSMOTE,RBF,DT,0.784,0.0902,0.865,0.0487,0.695,0.1083,0.9171,0.0319,117.4,32.7002,0.2245,0.168,1.8115,0.8286,0.1462,0.0376,7.0,1.0,3.0,1.0,3.0
Mfeat-karhunen,mfeat-karhunen,1020,2000,64,9.0,Medium,Features > 30,3,TVAE,Deep Tabular,--,DT,0.8538,0.0368,0.835,0.0627,0.7291,0.0526,0.9058,0.0329,1280.0,0.0,13.9718,0.3901,10.9155,0.3048,0.2365,0.0446,2.0,4.0,1.0,3.0,2.5
Optdigits,optdigits,980,5620,64,8.8252,Medium,Features > 30,3,BSSMOTE w/o ADASYN Linear,w/o ADASYN,Linear,DT,0.7889,0.0525,0.8847,0.0222,0.7105,0.0603,0.9277,0.0148,35.2,13.2552,0.8449,0.1095,26.4195,9.0794,0.0491,0.0067,7.0,4.0,7.0,5.0,5.75
Optdigits,optdigits,980,5620,64,8.8252,Medium,Features > 30,3,BSSMOTE w/o ADASYN RBF,w/o ADASYN,RBF,DT,0.7943,0.0241,0.8881,0.0297,0.717,0.034,0.9299,0.0158,8.4,2.9665,0.8619,0.1351,112.9926,42.4814,0.0448,0.0036,6.0,3.0,5.0,3.0,4.25
Optdigits,optdigits,980,5620,64,8.8252,Medium,Features > 30,3,BSSMOTE w/o Clustering Linear,w/o Clustering,Linear,DT,0.8645,0.0388,0.8759,0.0301,0.7691,0.0233,0.9283,0.0139,153.4,45.4786,0.123,0.0402,0.8661,0.3306,0.0888,0.0119,2.0,6.0,3.0,4.0,3.75
Optdigits,optdigits,980,5620,64,8.8252,Medium,Features > 30,3,BSSMOTE w/o Clustering RBF,w/o Clustering,RBF,DT,0.8574,0.0266,0.8549,0.0306,0.7475,0.0233,0.9169,0.0155,410.2,51.1048,0.3112,0.0859,0.7849,0.2715,0.0953,0.0216,4.0,9.0,4.0,9.0,6.5
Optdigits,optdigits,980,5620,64,8.8252,Medium,Features > 30,3,BSSMOTE w/o SVM,w/o SVM,--,DT,0.7665,0.0262,0.8846,0.0314,0.6895,0.0244,0.9258,0.0151,3000.6,6.0663,0.8618,0.1873,0.2872,0.0625,0.3704,0.0283,9.0,5.0,9.0,7.0,7.5
Optdigits,optdigits,980,5620,64,8.8252,Medium,Features > 30,3,CTGAN,Deep Tabular,--,DT,0.8584,0.028,0.8969,0.0415,0.7806,0.0435,0.9388,0.0219,3580.8,1.0954,20.2542,0.4814,5.6563,0.1343,0.3134,0.1168,3.0,1.0,2.0,1.0,1.75
Optdigits,optdigits,980,5620,64,8.8252,Medium,Features > 30,3,Full BSSMOTE Linear,Full BSSMOTE,Linear,DT,0.7864,0.0581,0.8934,0.0291,0.7145,0.0681,0.9318,0.0188,24.4,18.2702,0.819,0.0991,66.2346,59.3304,0.0475,0.0048,8.0,2.0,6.0,2.0,4.5
Optdigits,optdigits,980,5620,64,8.8252,Medium,Features > 30,3,Full BSSMOTE RBF,Full BSSMOTE,RBF,DT,0.7951,0.0178,0.8742,0.0417,0.708,0.036,0.9228,0.0217,357.6,68.926,1.24,0.5086,3.3844,0.7268,0.0654,0.0131,5.0,7.0,8.0,8.0,7.0
Optdigits,optdigits,980,5620,64,8.8252,Medium,Features > 30,3,TVAE,Deep Tabular,--,DT,0.9074,0.012,0.8689,0.0299,0.8015,0.0149,0.9273,0.0152,3580.8,1.0954,13.581,0.5741,3.7927,0.1594,0.2311,0.033,1.0,8.0,1.0,6.0,4.0
Satellite,Satellite,40900,5100,36,67.0,Extreme,Features > 30,3,BSSMOTE w/o ADASYN Linear,w/o ADASYN,Linear,DT,0.3259,0.0484,0.8533,0.1282,0.2773,0.0372,0.9086,0.0665,1.6,0.5477,0.831,0.1952,572.2765,232.9141,0.0581,0.0097,7.0,1.0,7.0,1.0,4.0
Satellite,Satellite,40900,5100,36,67.0,Extreme,Features > 30,3,BSSMOTE w/o ADASYN RBF,w/o ADASYN,RBF,DT,0.347,0.043,0.84,0.1382,0.2919,0.0444,0.9026,0.0727,4.6,1.6733,1.0526,0.5218,253.8008,128.9076,0.0549,0.0049,5.0,2.5,5.0,3.0,3.875
Satellite,Satellite,40900,5100,36,67.0,Extreme,Features > 30,3,BSSMOTE w/o Clustering Linear,w/o Clustering,Linear,DT,0.6591,0.128,0.7333,0.1054,0.4783,0.0597,0.8517,0.0598,20.4,17.855,0.0472,0.0364,4.1431,3.642,0.068,0.0167,1.0,6.0,1.0,6.0,3.5
Satellite,Satellite,40900,5100,36,67.0,Extreme,Features > 30,3,BSSMOTE w/o Clustering RBF,w/o Clustering,RBF,DT,0.5644,0.0334,0.56,0.1535,0.321,0.0768,0.7396,0.1061,546.6,206.9633,0.1239,0.0619,0.2976,0.2665,0.0976,0.0113,3.0,9.0,4.0,9.0,6.25
Satellite,Satellite,40900,5100,36,67.0,Extreme,Features > 30,3,BSSMOTE w/o SVM,w/o SVM,--,DT,0.2649,0.0558,0.7867,0.1282,0.215,0.0662,0.8696,0.0727,3108.6,4.827,1.027,0.4125,0.3303,0.1323,0.2569,0.0365,9.0,4.5,9.0,5.0,6.875
Satellite,Satellite,40900,5100,36,67.0,Extreme,Features > 30,3,CTGAN,Deep Tabular,--,DT,0.6325,0.1176,0.6667,0.1054,0.4226,0.0754,0.8118,0.0636,3960.0,0.0,10.1135,0.5958,2.5539,0.1505,0.2062,0.0179,2.0,8.0,2.0,8.0,5.0
Satellite,Satellite,40900,5100,36,67.0,Extreme,Features > 30,3,Full BSSMOTE Linear,Full BSSMOTE,Linear,DT,0.338,0.0383,0.84,0.1115,0.2852,0.0401,0.9032,0.06,23.0,18.8016,1.1319,0.6256,241.382,442.8758,0.0544,0.007,6.0,2.5,6.0,2.0,4.125
Satellite,Satellite,40900,5100,36,67.0,Extreme,Features > 30,3,Full BSSMOTE RBF,Full BSSMOTE,RBF,DT,0.3245,0.0833,0.7867,0.1095,0.2611,0.0843,0.8737,0.0602,499.2,59.1583,1.061,0.3451,2.1003,0.4802,0.0721,0.0095,8.0,4.5,8.0,4.0,6.125
Satellite,Satellite,40900,5100,36,67.0,Extreme,Features > 30,3,TVAE,Deep Tabular,--,DT,0.5149,0.0763,0.68,0.1445,0.3618,0.1309,0.8173,0.0828,3960.0,0.0,5.3939,0.968,1.3621,0.2445,0.2877,0.1154,4.0,7.0,3.0,7.0,5.25
Mfeat-fourier,mfeat-fourier,971,2000,76,9.0,Medium,Features > 30,3,BSSMOTE w/o ADASYN Linear,w/o ADASYN,Linear,LightGBM,0.9949,0.0114,0.985,0.0224,0.9988,0.0016,0.9921,0.0119,7.8,5.5408,1.0797,0.3889,206.3199,132.6623,0.7352,0.1503,5.0,3.0,2.0,2.5,3.125
Mfeat-fourier,mfeat-fourier,971,2000,76,9.0,Medium,Features > 30,3,BSSMOTE w/o ADASYN RBF,w/o ADASYN,RBF,LightGBM,0.9949,0.0114,0.985,0.0224,0.9986,0.0019,0.9921,0.0119,2.4,3.1305,0.1986,0.1231,173.501,147.5558,0.6715,0.0141,5.0,3.0,3.5,2.5,3.5
Mfeat-fourier,mfeat-fourier,971,2000,76,9.0,Medium,Features > 30,3,BSSMOTE w/o Clustering Linear,w/o Clustering,Linear,LightGBM,0.9949,0.0114,0.985,0.0224,0.9992,0.0012,0.9921,0.0119,88.8,85.6896,0.015,0.0043,0.2878,0.2988,0.8424,0.1589,5.0,3.0,1.0,2.5,2.875
Mfeat-fourier,mfeat-fourier,971,2000,76,9.0,Medium,Features > 30,3,BSSMOTE w/o Clustering RBF,w/o Clustering,RBF,LightGBM,1.0,0.0,0.98,0.0209,0.9985,0.0023,0.9899,0.0106,99.2,90.7342,0.057,0.0321,0.8113,0.633,1.052,0.125,1.0,7.5,6.0,6.0,5.125
Mfeat-fourier,mfeat-fourier,971,2000,76,9.0,Medium,Features > 30,3,BSSMOTE w/o SVM,w/o SVM,--,LightGBM,0.9767,0.0394,0.985,0.0224,0.997,0.0058,0.991,0.0112,914.6,511.2805,0.1345,0.0115,0.119,0.011,0.7547,0.0518,9.0,3.0,8.0,5.0,6.25
Mfeat-fourier,mfeat-fourier,971,2000,76,9.0,Medium,Features > 30,3,CTGAN,Deep Tabular,--,LightGBM,0.9949,0.0114,0.98,0.0209,0.9985,0.0033,0.9896,0.0111,1280.0,0.0,25.1383,4.3373,19.6393,3.3885,0.8421,0.0254,5.0,7.5,6.0,7.5,6.5
Mfeat-fourier,mfeat-fourier,971,2000,76,9.0,Medium,Features > 30,3,Full BSSMOTE Linear,Full BSSMOTE,Linear,LightGBM,0.9851,0.0223,0.98,0.0209,0.9985,0.002,0.9891,0.0113,103.4,81.7239,0.1394,0.0137,1.9707,2.2796,0.692,0.0352,8.0,7.5,6.0,9.0,7.625
Mfeat-fourier,mfeat-fourier,971,2000,76,9.0,Medium,Features > 30,3,Full BSSMOTE RBF,Full BSSMOTE,RBF,LightGBM,0.995,0.0112,0.98,0.0209,0.9986,0.0017,0.9896,0.0107,72.0,71.753,0.1635,0.0251,3.8292,3.6227,0.6935,0.0317,2.0,7.5,3.5,7.5,5.125
Mfeat-fourier,mfeat-fourier,971,2000,76,9.0,Medium,Features > 30,3,TVAE,Deep Tabular,--,LightGBM,0.9949,0.0114,0.985,0.0224,0.9952,0.0098,0.9921,0.0119,1280.0,0.0,15.2085,0.3198,11.8816,0.2498,0.9028,0.1861,5.0,3.0,9.0,2.5,4.875
Mfeat-karhunen,mfeat-karhunen,1020,2000,64,9.0,Medium,Features > 30,3,BSSMOTE w/o ADASYN Linear,w/o ADASYN,Linear,LightGBM,0.995,0.0112,0.945,0.057,0.9893,0.0082,0.9715,0.0296,10.8,7.2595,0.3296,0.502,253.5349,544.5306,0.6908,0.144,1.5,1.5,5.0,2.0,2.5
Mfeat-karhunen,mfeat-karhunen,1020,2000,64,9.0,Medium,Features > 30,3,BSSMOTE w/o ADASYN RBF,w/o ADASYN,RBF,LightGBM,0.9894,0.0145,0.935,0.0518,0.9892,0.0091,0.9661,0.0269,1.6,0.5477,0.3103,0.2532,226.1706,220.8049,0.7543,0.1705,6.0,5.5,6.0,6.0,5.875
Mfeat-karhunen,mfeat-karhunen,1020,2000,64,9.0,Medium,Features > 30,3,BSSMOTE w/o Clustering Linear,w/o Clustering,Linear,LightGBM,0.9893,0.0146,0.9,0.081,0.9899,0.0062,0.9474,0.0431,103.0,56.4624,0.0196,0.0061,1.6937,3.4297,0.7066,0.1636,7.0,9.0,4.0,9.0,7.25
Mfeat-karhunen,mfeat-karhunen,1020,2000,64,9.0,Medium,Features > 30,3,BSSMOTE w/o Clustering RBF,w/o Clustering,RBF,LightGBM,0.9947,0.0118,0.945,0.0411,0.9919,0.0052,0.9717,0.0212,135.2,30.9386,0.0611,0.0163,0.4801,0.2086,0.6983,0.1621,4.0,1.5,1.5,1.0,2.0
Mfeat-karhunen,mfeat-karhunen,1020,2000,64,9.0,Medium,Features > 30,3,BSSMOTE w/o SVM,w/o SVM,--,LightGBM,0.9788,0.0343,0.94,0.0518,0.9861,0.0087,0.9682,0.0283,1204.8,4.9699,0.2373,0.2687,0.1969,0.2232,0.8185,0.1758,8.0,3.5,8.0,4.0,5.875
Mfeat-karhunen,mfeat-karhunen,1020,2000,64,9.0,Medium,Features > 30,3,CTGAN,Deep Tabular,--,LightGBM,0.9786,0.0218,0.92,0.0737,0.9802,0.0169,0.9575,0.0394,1280.0,0.0,19.8632,0.8106,15.5181,0.6333,0.8103,0.1197,9.0,7.5,9.0,8.0,8.375
Mfeat-karhunen,mfeat-karhunen,1020,2000,64,9.0,Medium,Features > 30,3,Full BSSMOTE Linear,Full BSSMOTE,Linear,LightGBM,0.995,0.0112,0.92,0.0694,0.989,0.0073,0.9583,0.036,73.8,65.0899,0.1832,0.1556,53.8966,100.0313,0.6874,0.122,1.5,7.5,7.0,7.0,5.75
Mfeat-karhunen,mfeat-karhunen,1020,2000,64,9.0,Medium,Features > 30,3,Full BSSMOTE RBF,Full BSSMOTE,RBF,LightGBM,0.9949,0.0114,0.94,0.0576,0.9919,0.0068,0.9689,0.0299,117.4,32.7002,0.2245,0.168,1.8115,0.8286,0.6868,0.1027,3.0,3.5,1.5,3.0,2.75
Mfeat-karhunen,mfeat-karhunen,1020,2000,64,9.0,Medium,Features > 30,3,TVAE,Deep Tabular,--,LightGBM,0.9895,0.0144,0.935,0.0418,0.9903,0.0097,0.9662,0.0216,1280.0,0.0,13.9718,0.3901,10.9155,0.3048,0.8042,0.1812,5.0,5.5,3.0,5.0,4.625
Optdigits,optdigits,980,5620,64,8.8252,Medium,Features > 30,3,BSSMOTE w/o ADASYN Linear,w/o ADASYN,Linear,LightGBM,0.9664,0.0095,0.9546,0.0169,0.9922,0.0038,0.9751,0.0088,35.2,13.2552,0.8449,0.1095,26.4195,9.0794,0.2271,0.0143,7.0,4.0,6.0,4.0,5.25
Optdigits,optdigits,980,5620,64,8.8252,Medium,Features > 30,3,BSSMOTE w/o ADASYN RBF,w/o ADASYN,RBF,LightGBM,0.9662,0.0078,0.951,0.0261,0.992,0.0054,0.9733,0.0137,8.4,2.9665,0.8619,0.1351,112.9926,42.4814,0.2083,0.0058,8.0,5.0,8.0,6.0,6.75
Optdigits,optdigits,980,5620,64,8.8252,Medium,Features > 30,3,BSSMOTE w/o Clustering Linear,w/o Clustering,Linear,LightGBM,0.9926,0.0077,0.9423,0.0171,0.9951,0.0022,0.9703,0.0091,153.4,45.4786,0.123,0.0402,0.8661,0.3306,0.4804,0.0357,1.0,8.0,1.0,8.0,4.5
Optdigits,optdigits,980,5620,64,8.8252,Medium,Features > 30,3,BSSMOTE w/o Clustering RBF,w/o Clustering,RBF,LightGBM,0.9907,0.0066,0.9441,0.0259,0.9943,0.0013,0.9711,0.0136,410.2,51.1048,0.3112,0.0859,0.7849,0.2715,0.8542,0.0826,2.0,7.0,3.5,7.0,4.875
Optdigits,optdigits,980,5620,64,8.8252,Medium,Features > 30,3,BSSMOTE w/o SVM,w/o SVM,--,LightGBM,0.9701,0.016,0.9615,0.0147,0.9932,0.003,0.9789,0.0082,3000.6,6.0663,0.8618,0.1873,0.2872,0.0625,0.7773,0.1726,6.0,1.0,5.0,1.0,3.25
Optdigits,optdigits,980,5620,64,8.8252,Medium,Features > 30,3,CTGAN,Deep Tabular,--,LightGBM,0.9891,0.0075,0.9493,0.0242,0.9943,0.0023,0.9737,0.0124,3580.8,1.0954,20.2542,0.4814,5.6563,0.1343,1.1143,0.2486,3.0,6.0,3.5,5.0,4.375
Optdigits,optdigits,980,5620,64,8.8252,Medium,Features > 30,3,Full BSSMOTE Linear,Full BSSMOTE,Linear,LightGBM,0.9596,0.0102,0.9563,0.0164,0.9911,0.0049,0.9756,0.0087,24.4,18.2702,0.819,0.0991,66.2346,59.3304,0.2204,0.0141,9.0,3.0,9.0,3.0,6.0
Optdigits,optdigits,980,5620,64,8.8252,Medium,Features > 30,3,Full BSSMOTE RBF,Full BSSMOTE,RBF,LightGBM,0.9752,0.0145,0.958,0.0169,0.9921,0.0033,0.9774,0.0089,357.6,68.926,1.24,0.5086,3.3844,0.7268,0.9888,0.1506,5.0,2.0,7.0,2.0,4.0
Optdigits,optdigits,980,5620,64,8.8252,Medium,Features > 30,3,TVAE,Deep Tabular,--,LightGBM,0.9872,0.0049,0.9406,0.0235,0.9948,0.0023,0.9691,0.012,3580.8,1.0954,13.581,0.5741,3.7927,0.1594,1.0127,0.2201,4.0,9.0,2.0,9.0,6.0
Satellite,Satellite,40900,5100,36,67.0,Extreme,Features > 30,3,BSSMOTE w/o ADASYN Linear,w/o ADASYN,Linear,LightGBM,0.4533,0.0716,0.7867,0.1192,0.7996,0.0994,0.8784,0.0688,1.6,0.5477,0.831,0.1952,572.2765,232.9141,0.1508,0.0071,6.0,5.0,5.0,5.0,5.25
Satellite,Satellite,40900,5100,36,67.0,Extreme,Features > 30,3,BSSMOTE w/o ADASYN RBF,w/o ADASYN,RBF,LightGBM,0.4695,0.0964,0.8,0.1491,0.7717,0.0628,0.8849,0.0826,4.6,1.6733,1.0526,0.5218,253.8008,128.9076,0.1715,0.0402,5.0,3.5,8.0,3.0,4.875
Satellite,Satellite,40900,5100,36,67.0,Extreme,Features > 30,3,BSSMOTE w/o Clustering Linear,w/o Clustering,Linear,LightGBM,0.9057,0.0721,0.6666,0.1247,0.8291,0.073,0.8131,0.0777,20.4,17.855,0.0472,0.0364,4.1431,3.642,0.2328,0.0679,2.0,9.0,3.0,9.0,5.75
Satellite,Satellite,40900,5100,36,67.0,Extreme,Features > 30,3,BSSMOTE w/o Clustering RBF,w/o Clustering,RBF,LightGBM,0.9211,0.0839,0.68,0.1726,0.8431,0.0775,0.8186,0.107,546.6,206.9633,0.1239,0.0619,0.2976,0.2665,0.4729,0.1258,1.0,8.0,2.0,8.0,4.75
Satellite,Satellite,40900,5100,36,67.0,Extreme,Features > 30,3,BSSMOTE w/o SVM,w/o SVM,--,LightGBM,0.42,0.0699,0.8267,0.0596,0.7732,0.0575,0.9007,0.0307,3108.6,4.827,1.027,0.4125,0.3303,0.1323,0.6555,0.1634,8.0,2.0,7.0,2.0,4.75
Satellite,Satellite,40900,5100,36,67.0,Extreme,Features > 30,3,CTGAN,Deep Tabular,--,LightGBM,0.8763,0.0376,0.72,0.1789,0.8464,0.0667,0.8424,0.1067,3960.0,0.0,10.1135,0.5958,2.5539,0.1505,0.5527,0.0265,3.0,6.5,1.0,7.0,4.375
Satellite,Satellite,40900,5100,36,67.0,Extreme,Features > 30,3,Full BSSMOTE Linear,Full BSSMOTE,Linear,LightGBM,0.4522,0.077,0.8,0.1491,0.7972,0.0766,0.8845,0.0824,23.0,18.8016,1.1319,0.6256,241.382,442.8758,0.1756,0.0419,7.0,3.5,6.0,4.0,5.125
Satellite,Satellite,40900,5100,36,67.0,Extreme,Features > 30,3,Full BSSMOTE RBF,Full BSSMOTE,RBF,LightGBM,0.3934,0.0654,0.84,0.1116,0.7556,0.0939,0.9056,0.0584,499.2,59.1583,1.061,0.3451,2.1003,0.4802,0.457,0.0889,9.0,1.0,9.0,1.0,5.0
Satellite,Satellite,40900,5100,36,67.0,Extreme,Features > 30,3,TVAE,Deep Tabular,--,LightGBM,0.8496,0.1241,0.72,0.1366,0.8136,0.058,0.8445,0.0776,3960.0,0.0,5.3939,0.968,1.3621,0.2445,0.6362,0.1192,4.0,6.5,4.0,6.0,5.125
Mfeat-fourier,mfeat-fourier,971,2000,76,9.0,Medium,Features > 30,3,BSSMOTE w/o ADASYN Linear,w/o ADASYN,Linear,RF,1.0,0.0,0.97,0.0209,0.9995,0.001,0.9848,0.0106,7.8,5.5408,1.0797,0.3889,206.3199,132.6623,0.8662,0.1171,5.0,4.5,7.5,4.5,5.375
Mfeat-fourier,mfeat-fourier,971,2000,76,9.0,Medium,Features > 30,3,BSSMOTE w/o ADASYN RBF,w/o ADASYN,RBF,RF,1.0,0.0,0.965,0.0285,0.9996,0.0005,0.9823,0.0145,2.4,3.1305,0.1986,0.1231,173.501,147.5558,0.7685,0.0148,5.0,7.0,6.0,7.0,6.25
Mfeat-fourier,mfeat-fourier,971,2000,76,9.0,Medium,Features > 30,3,BSSMOTE w/o Clustering Linear,w/o Clustering,Linear,RF,1.0,0.0,0.96,0.0285,0.9995,0.0007,0.9797,0.0145,88.8,85.6896,0.015,0.0043,0.2878,0.2988,0.8692,0.0821,5.0,8.5,7.5,8.0,7.25
Mfeat-fourier,mfeat-fourier,971,2000,76,9.0,Medium,Features > 30,3,BSSMOTE w/o Clustering RBF,w/o Clustering,RBF,RF,1.0,0.0,0.97,0.0209,0.9997,0.0008,0.9848,0.0106,99.2,90.7342,0.057,0.0321,0.8113,0.633,1.1202,0.1616,5.0,4.5,3.0,4.5,4.25
Mfeat-fourier,mfeat-fourier,971,2000,76,9.0,Medium,Features > 30,3,BSSMOTE w/o SVM,w/o SVM,--,RF,1.0,0.0,0.96,0.0379,0.9997,0.0008,0.9796,0.0195,914.6,511.2805,0.1345,0.0115,0.119,0.011,1.1854,0.2372,5.0,8.5,3.0,9.0,6.375
Mfeat-fourier,mfeat-fourier,971,2000,76,9.0,Medium,Features > 30,3,CTGAN,Deep Tabular,--,RF,1.0,0.0,0.975,0.0177,0.9987,0.0018,0.9874,0.0089,1280.0,0.0,25.1383,4.3373,19.6393,3.3885,1.597,0.0746,5.0,1.5,9.0,1.5,4.25
Mfeat-fourier,mfeat-fourier,971,2000,76,9.0,Medium,Features > 30,3,Full BSSMOTE Linear,Full BSSMOTE,Linear,RF,1.0,0.0,0.97,0.0209,0.9997,0.0008,0.9848,0.0106,103.4,81.7239,0.1394,0.0137,1.9707,2.2796,0.7811,0.0224,5.0,4.5,3.0,4.5,4.25
Mfeat-fourier,mfeat-fourier,971,2000,76,9.0,Medium,Features > 30,3,Full BSSMOTE RBF,Full BSSMOTE,RBF,RF,1.0,0.0,0.975,0.0177,0.9997,0.0008,0.9874,0.0089,72.0,71.753,0.1635,0.0251,3.8292,3.6227,0.7701,0.0234,5.0,1.5,3.0,1.5,2.75
Mfeat-fourier,mfeat-fourier,971,2000,76,9.0,Medium,Features > 30,3,TVAE,Deep Tabular,--,RF,1.0,0.0,0.97,0.0209,0.9997,0.0008,0.9848,0.0106,1280.0,0.0,15.2085,0.3198,11.8816,0.2498,1.284,0.0205,5.0,4.5,3.0,4.5,4.25
Mfeat-karhunen,mfeat-karhunen,1020,2000,64,9.0,Medium,Features > 30,3,BSSMOTE w/o ADASYN Linear,w/o ADASYN,Linear,RF,1.0,0.0,0.81,0.0762,0.9921,0.0066,0.8992,0.0428,10.8,7.2595,0.3296,0.502,253.5349,544.5306,1.1066,0.1213,3.5,6.0,4.0,6.0,4.875
Mfeat-karhunen,mfeat-karhunen,1020,2000,64,9.0,Medium,Features > 30,3,BSSMOTE w/o ADASYN RBF,w/o ADASYN,RBF,RF,1.0,0.0,0.815,0.084,0.9923,0.0055,0.9018,0.0478,1.6,0.5477,0.3103,0.2532,226.1706,220.8049,1.2012,0.2457,3.5,5.0,3.0,5.0,4.125
Mfeat-karhunen,mfeat-karhunen,1020,2000,64,9.0,Medium,Features > 30,3,BSSMOTE w/o Clustering Linear,w/o Clustering,Linear,RF,1.0,0.0,0.775,0.0707,0.9896,0.0061,0.8795,0.0414,103.0,56.4624,0.0196,0.0061,1.6937,3.4297,1.2299,0.2026,3.5,9.0,7.0,9.0,7.125
Mfeat-karhunen,mfeat-karhunen,1020,2000,64,9.0,Medium,Features > 30,3,BSSMOTE w/o Clustering RBF,w/o Clustering,RBF,RF,1.0,0.0,0.8,0.053,0.9937,0.0085,0.894,0.0298,135.2,30.9386,0.0611,0.0163,0.4801,0.2086,1.3453,0.2175,3.5,8.0,2.0,8.0,5.375
Mfeat-karhunen,mfeat-karhunen,1020,2000,64,9.0,Medium,Features > 30,3,BSSMOTE w/o SVM,w/o SVM,--,RF,1.0,0.0,0.84,0.1207,0.9911,0.0052,0.9145,0.0677,1204.8,4.9699,0.2373,0.2687,0.1969,0.2232,2.4459,0.1249,3.5,3.0,5.0,3.0,3.625
Mfeat-karhunen,mfeat-karhunen,1020,2000,64,9.0,Medium,Features > 30,3,CTGAN,Deep Tabular,--,RF,0.9892,0.0148,0.87,0.0818,0.9848,0.0083,0.9314,0.0451,1280.0,0.0,19.8632,0.8106,15.5181,0.6333,2.6292,0.5017,8.0,1.0,9.0,1.0,4.75
Mfeat-karhunen,mfeat-karhunen,1020,2000,64,9.0,Medium,Features > 30,3,Full BSSMOTE Linear,Full BSSMOTE,Linear,RF,0.9943,0.0128,0.805,0.0737,0.9884,0.0085,0.8962,0.0422,73.8,65.0899,0.1832,0.1556,53.8966,100.0313,1.1071,0.066,7.0,7.0,8.0,7.0,7.25
Mfeat-karhunen,mfeat-karhunen,1020,2000,64,9.0,Medium,Features > 30,3,Full BSSMOTE RBF,Full BSSMOTE,RBF,RF,1.0,0.0,0.83,0.0542,0.9947,0.0054,0.9106,0.0296,117.4,32.7002,0.2245,0.168,1.8115,0.8286,1.2147,0.209,3.5,4.0,1.0,4.0,3.125
Mfeat-karhunen,mfeat-karhunen,1020,2000,64,9.0,Medium,Features > 30,3,TVAE,Deep Tabular,--,RF,0.9875,0.0172,0.845,0.0925,0.9899,0.0074,0.9176,0.0517,1280.0,0.0,13.9718,0.3901,10.9155,0.3048,2.1521,0.3289,9.0,2.0,6.0,2.0,4.75
Optdigits,optdigits,980,5620,64,8.8252,Medium,Features > 30,3,BSSMOTE w/o ADASYN Linear,w/o ADASYN,Linear,RF,0.9866,0.0087,0.9108,0.0311,0.9905,0.0034,0.9536,0.0166,35.2,13.2552,0.8449,0.1095,26.4195,9.0794,0.5734,0.0144,6.0,2.0,6.0,2.0,4.0
Optdigits,optdigits,980,5620,64,8.8252,Medium,Features > 30,3,BSSMOTE w/o ADASYN RBF,w/o ADASYN,RBF,RF,0.9847,0.011,0.9074,0.0251,0.9903,0.0051,0.9517,0.0136,8.4,2.9665,0.8619,0.1351,112.9926,42.4814,0.5635,0.012,8.0,3.0,7.0,3.0,5.25
Optdigits,optdigits,980,5620,64,8.8252,Medium,Features > 30,3,BSSMOTE w/o Clustering Linear,w/o Clustering,Linear,RF,0.9921,0.0083,0.8882,0.0271,0.9927,0.0031,0.942,0.0146,153.4,45.4786,0.123,0.0402,0.8661,0.3306,1.068,0.1413,4.0,8.0,2.0,8.0,5.5
Optdigits,optdigits,980,5620,64,8.8252,Medium,Features > 30,3,BSSMOTE w/o Clustering RBF,w/o Clustering,RBF,RF,1.0,0.0,0.8916,0.03,0.9936,0.0043,0.9442,0.0158,410.2,51.1048,0.3112,0.0859,0.7849,0.2715,1.0459,0.1294,1.5,7.0,1.0,7.0,4.125
Optdigits,optdigits,980,5620,64,8.8252,Medium,Features > 30,3,BSSMOTE w/o SVM,w/o SVM,--,RF,0.9849,0.0053,0.9126,0.0372,0.9917,0.0026,0.9544,0.0196,3000.6,6.0663,0.8618,0.1873,0.2872,0.0625,2.7713,0.2139,7.0,1.0,4.0,1.0,3.25
Optdigits,optdigits,980,5620,64,8.8252,Medium,Features > 30,3,CTGAN,Deep Tabular,--,RF,0.9923,0.0043,0.8987,0.0466,0.9889,0.0046,0.9474,0.0246,3580.8,1.0954,20.2542,0.4814,5.6563,0.1343,2.6124,0.3216,3.0,6.0,8.0,6.0,5.75
Optdigits,optdigits,980,5620,64,8.8252,Medium,Features > 30,3,Full BSSMOTE Linear,Full BSSMOTE,Linear,RF,0.9884,0.0081,0.9039,0.0355,0.9906,0.0035,0.95,0.0188,24.4,18.2702,0.819,0.0991,66.2346,59.3304,0.5433,0.0283,5.0,4.0,5.0,4.0,4.5
Optdigits,optdigits,980,5620,64,8.8252,Medium,Features > 30,3,Full BSSMOTE RBF,Full BSSMOTE,RBF,RF,0.9807,0.0154,0.9004,0.0383,0.9886,0.0044,0.9478,0.0206,357.6,68.926,1.24,0.5086,3.3844,0.7268,1.0026,0.1628,9.0,5.0,9.0,5.0,7.0
Optdigits,optdigits,980,5620,64,8.8252,Medium,Features > 30,3,TVAE,Deep Tabular,--,RF,1.0,0.0,0.8776,0.0205,0.9923,0.0023,0.9368,0.0109,3580.8,1.0954,13.581,0.5741,3.7927,0.1594,2.4612,0.4269,1.5,9.0,3.0,9.0,5.625
Satellite,Satellite,40900,5100,36,67.0,Extreme,Features > 30,3,BSSMOTE w/o ADASYN Linear,w/o ADASYN,Linear,RF,0.4453,0.0819,0.8533,0.0869,0.7946,0.0852,0.915,0.0438,1.6,0.5477,0.831,0.1952,572.2765,232.9141,0.6051,0.02,8.0,2.5,6.0,2.5,4.75
Satellite,Satellite,40900,5100,36,67.0,Extreme,Features > 30,3,BSSMOTE w/o ADASYN RBF,w/o ADASYN,RBF,RF,0.4426,0.0735,0.8533,0.0869,0.7899,0.0892,0.915,0.0438,4.6,1.6733,1.0526,0.5218,253.8008,128.9076,0.6641,0.1403,9.0,2.5,8.0,2.5,5.5
Satellite,Satellite,40900,5100,36,67.0,Extreme,Features > 30,3,BSSMOTE w/o Clustering Linear,w/o Clustering,Linear,RF,0.8859,0.0825,0.64,0.1299,0.8302,0.0904,0.796,0.0837,20.4,17.855,0.0472,0.0364,4.1431,3.642,0.9269,0.2073,2.0,8.5,2.0,8.0,5.125
Satellite,Satellite,40900,5100,36,67.0,Extreme,Features > 30,3,BSSMOTE w/o Clustering RBF,w/o Clustering,RBF,RF,0.9381,0.0852,0.64,0.1739,0.8272,0.0876,0.7933,0.1125,546.6,206.9633,0.1239,0.0619,0.2976,0.2665,1.1092,0.2105,1.0,8.5,3.0,9.0,5.375
Satellite,Satellite,40900,5100,36,67.0,Extreme,Features > 30,3,BSSMOTE w/o SVM,w/o SVM,--,RF,0.4911,0.0529,0.8,0.1054,0.7923,0.0784,0.8872,0.0584,3108.6,4.827,1.027,0.4125,0.3303,0.1323,2.4561,0.3875,5.0,5.0,7.0,5.0,5.5
Satellite,Satellite,40900,5100,36,67.0,Extreme,Features > 30,3,CTGAN,Deep Tabular,--,RF,0.8332,0.0355,0.7067,0.1383,0.8437,0.063,0.8364,0.083,3960.0,0.0,10.1135,0.5958,2.5539,0.1505,2.0255,0.0436,3.0,6.0,1.0,6.0,4.0
Satellite,Satellite,40900,5100,36,67.0,Extreme,Features > 30,3,Full BSSMOTE Linear,Full BSSMOTE,Linear,RF,0.4562,0.0694,0.8667,0.0816,0.7972,0.0904,0.9225,0.0405,23.0,18.8016,1.1319,0.6256,241.382,442.8758,0.6781,0.1313,7.0,1.0,5.0,1.0,3.5
Satellite,Satellite,40900,5100,36,67.0,Extreme,Features > 30,3,Full BSSMOTE RBF,Full BSSMOTE,RBF,RF,0.4903,0.0871,0.84,0.1011,0.7704,0.0818,0.909,0.0552,499.2,59.1583,1.061,0.3451,2.1003,0.4802,0.8889,0.1382,6.0,4.0,9.0,4.0,5.75
Satellite,Satellite,40900,5100,36,67.0,Extreme,Features > 30,3,TVAE,Deep Tabular,--,RF,0.7848,0.158,0.68,0.1193,0.7979,0.0713,0.8206,0.0719,3960.0,0.0,5.3939,0.968,1.3621,0.2445,2.916,0.2955,4.0,7.0,4.0,7.0,5.5
